"Date","Time","Post text","Post type","Flair","# upvotes","# comments","# awards","Post tone","Post URL","Community name","Community members","Author nick","Years of membership","# Post Karma","# Comment Karma","# Awardee Karma","Author profile URL"
"2023-05-17","22:57:16","Road raging racist rams into wall on freeway.","video",":Misc: üá≤‚ÄãüáÆ‚Äãüá∏‚Äãüá®‚Äã","93600","6239","4","neutral","https://reddit.com/r/facepalm/comments/13kh0hf/road_raging_racist_rams_into_wall_on_freeway/","r/facepalm","7360999","Jiggy_Kitty","3.6931506849315068","141658","9175","652","https://reddit.com/user/Jiggy_Kitty/"
"2023-06-05","09:16:23","Road rage POV fight","video","Road Rage","13740","880","0","neutral","https://reddit.com/r/fightporn/comments/1418exk/road_rage_pov_fight/","r/fightporn","1849303","Schafer28","4.419178082191781","46460","30026","319","https://reddit.com/user/Schafer28/"
"2023-04-24","05:14:53","Attempting to run over another driver in road rage incident ","video","","23518","1136","0","neutral","https://reddit.com/r/IdiotsInCars/comments/12x4890/attempting_to_run_over_another_driver_in_road/","r/IdiotsInCars","4132587","rafssimmons","2.6","5567","2402","0","https://reddit.com/user/rafssimmons/"
"2023-03-11","10:49:11","I-95 Road rage shooter bravely ""defends"" himself from water bottle thrower with eyes closed, all charges dropped","video","üöóRoad Rage","34538","3918","0","neutral","https://reddit.com/r/PublicFreakout/comments/11oh61z/i95_road_rage_shooter_bravely_defends_himself/","r/PublicFreakout","4544599","linkdude456","10.542465753424658","5130","1565","0","https://reddit.com/user/linkdude456/"
"2023-03-01","13:56:18","Road rage goes too far in Texas","video","üöóRoad Rage","30846","3717","0","neutral","https://reddit.com/r/PublicFreakout/comments/11f4ead/road_rage_goes_too_far_in_texas/","r/PublicFreakout","4544599","naelisio","1.8082191780821917","22692","12012","161","https://reddit.com/user/naelisio/"
"2023-02-13","05:32:49","Man on a road rage.. gets shot","video","üá∫üá∏ Shooting","20480","1378","0","neutral","https://reddit.com/r/PublicFreakout/comments/1110j0m/man_on_a_road_rage_gets_shot/","r/PublicFreakout","4544599","nexxus25","5.852054794520548","2240","215","0","https://reddit.com/user/nexxus25/"
"2023-03-15","02:10:50","Road rage","video","üöóRoad Rage","10048","467","0","neutral","https://reddit.com/r/PublicFreakout/comments/11riy6p/road_rage/","r/PublicFreakout","4544599","hauntednitemare","5.953424657534247","24573","153","83","https://reddit.com/user/hauntednitemare/"
"2023-06-08","21:02:18","A Powerful Scene Of Humanity Plays Out As 200+ Brave South African firefighters landed in Edmonton, Canada to assist in the fight against the raging wildfire","video","","131879","2743","25","neutral","https://reddit.com/r/nextfuckinglevel/comments/144l14g/a_powerful_scene_of_humanity_plays_out_as_200/","r/nextfuckinglevel","8089563","CantStopPoppin","6.1808219178082195","3729507","502051","264279","https://reddit.com/user/CantStopPoppin/"
"2023-06-10","20:56:06","Rage Against The Machine - Killing In The Name (PinkPop Festival 1993)","video","1990s","34583","1542","6","neutral","https://reddit.com/r/OldSchoolCool/comments/146auvo/rage_against_the_machine_killing_in_the_name/","r/OldSchoolCool","17871547","Ok-Statistician8295","2.287671232876712","12901","238","224","https://reddit.com/user/Ok-Statistician8295/"
"2023-06-10","02:36:56","Rage Against The Machine - Fistful Of Steel (Pinkpop Festival 1993)","video","","20319","1099","2","neutral","https://reddit.com/r/OldSchoolCool/comments/145oa5r/rage_against_the_machine_fistful_of_steel_pinkpop/","r/OldSchoolCool","17871547","Seraphenigma","6.046575342465753","371851","57135","5132","https://reddit.com/user/Seraphenigma/"
"2023-05-17","22:39:12","INSANE ROAD RAGE INCIDENT","video","","27019","2331","0","neutral","https://reddit.com/r/CrazyFuckingVideos/comments/13kgk0w/insane_road_rage_incident/","r/CrazyFuckingVideos","1821317","transgression1492_","0.6904109589041096","23353","6494","15","https://reddit.com/user/transgression1492_/"
"2023-05-17","21:32:42","Insane Road Rage Incident in Edmonton","video","Commuting/Transit","4749","832","1","neutral","https://reddit.com/r/Edmonton/comments/13kesjl/insane_road_rage_incident_in_edmonton/","r/Edmonton","228131","transgression1492_","0.6904109589041096","23353","6494","15","https://reddit.com/user/transgression1492_/"
"2023-06-15","21:50:08","Tell me you don't know anything about Rage Against The Machine without telling me you don't know anything about Rage Against The Machine.","link","","8799","446","0","neutral","https://reddit.com/r/WhitePeopleTwitter/comments/14aejpd/tell_me_you_dont_know_anything_about_rage_against/","r/WhitePeopleTwitter","2960769","G-Unit11111","2.1534246575342464","396099","352304","7116","https://reddit.com/user/G-Unit11111/"
"2023-05-22","13:23:26","Marjorie Taylor Greene, who's raged about drag queens for months, is defending her boyfriend over an old video of him donning drag in Dallas","link","","40820","1928","5","neutral","https://reddit.com/r/NewsOfTheStupid/comments/13oqtte/marjorie_taylor_greene_whos_raged_about_drag/","r/NewsOfTheStupid","171115","TheRealMisterNatural","3.23013698630137","137589","15066","417","https://reddit.com/user/TheRealMisterNatural/"
"2023-06-09","14:10:26","The moment 200+ South African firefighters landed in Canada to assist in the fight against the raging wildfires.","video","","16842","654","7","neutral","https://reddit.com/r/PublicFreakout/comments/1456b60/the_moment_200_south_african_firefighters_landed/","r/PublicFreakout","4544599","itsjujubee","5.1726027397260275","4106","489","175","https://reddit.com/user/itsjujubee/"
"2023-06-05","06:33:56","Disney welcomes Gay Days in Florida as the feud with DeSantis rages on","link","","16704","784","0","neutral","https://reddit.com/r/politics/comments/1414w11/disney_welcomes_gay_days_in_florida_as_the_feud/","r/politics","8340943","davster39","4.695890410958904","187973","8711","1980","https://reddit.com/user/davster39/"
"2023-06-04","04:47:05","Road Rage in Brampton, Canada","video","üöóRoad Rage","6853","635","0","neutral","https://reddit.com/r/PublicFreakout/comments/1401ezk/road_rage_in_brampton_canada/","r/PublicFreakout","4544599","Benkaoul","4.923287671232877","183771","1884","6055","https://reddit.com/user/Benkaoul/"
"2023-06-17","21:51:02","API Protests Megathread Part 3: The admin retaliation/takeover of protesting subreddits continues. Debates between users rage about the most effective methods of protest","text","Dramawave","533","777","0","neutral","https://reddit.com/r/SubredditDrama/comments/14c2ug0/api_protests_megathread_part_3_the_admin/","r/SubredditDrama","904648","DramaMod","10.794520547945206","56513","6880","1116","https://reddit.com/user/DramaMod/"
"2023-06-17","22:38:17","Isn‚Äôt it crazy that Denji never had a real ‚Äúrage moment‚Äù that most anime MCs have? What would make him have his Super Saiyan Goku vs Freeza moment?","link","Manga","4271","235","0","neutral","https://reddit.com/r/ChainsawMan/comments/14c3z0l/isnt_it_crazy_that_denji_never_had_a_real_rage/","r/ChainsawMan","437996","ventingandcrying","0.3863013698630137","3225","2340","8","https://reddit.com/user/ventingandcrying/"
"2023-05-29","20:37:31","Bear crossing a raging river","video","","18930","675","0","neutral","https://reddit.com/r/interestingasfuck/comments/13v5tvk/bear_crossing_a_raging_river/","r/interestingasfuck","11657795","shittymorph","7.463013698630137","521713","1802481","133634","https://reddit.com/user/shittymorph/"
"2023-06-17","14:19:45","If your intent is to rage after solo losing lane 0/3 aswell","link","Humor","3797","201","0","neutral","https://reddit.com/r/LeagueOfMemes/comments/14bsb2i/if_your_intent_is_to_rage_after_solo_losing_lane/","r/LeagueOfMemes","538571","drizzlehug","1.7561643835616438","8579","3","0","https://reddit.com/user/drizzlehug/"
"2023-06-10","17:00:26","Eye twitches. Unintelligible rage ensues.","link","","3890","277","0","neutral","https://reddit.com/r/aspiememes/comments/1465as8/eye_twitches_unintelligible_rage_ensues/","r/aspiememes","201421","BrokenSage20","2.3945205479452056","2362","36800","276","https://reddit.com/user/BrokenSage20/"
"2023-06-05","12:48:02","Should I rage quit my job?","text","Advice","1161","758","0","neutral","https://reddit.com/r/careerguidance/comments/141dhdj/should_i_rage_quit_my_job/","r/careerguidance","1923285","DownfalI","4.671232876712328","800","173","0","https://reddit.com/user/DownfalI/"
"2023-06-01","16:30:07","Tired of the crime rage bait","text","","1966","713","14","neutral","https://reddit.com/r/bayarea/comments/13xm6ln/tired_of_the_crime_rage_bait/","r/bayarea","534346","turgmeister","8.284931506849315","2375","963","508","https://reddit.com/user/turgmeister/"
"2023-06-18","17:29:38","I am about to rage quit. Absolutely insane","text",":snoo_angry:Complaints:snoo_angry:","877","271","0","neutral","https://reddit.com/r/doordash_drivers/comments/14cq1b7/i_am_about_to_rage_quit_absolutely_insane/","r/doordash_drivers","214664","kunjinn","2.882191780821918","7003","7386","556","https://reddit.com/user/kunjinn/"
"2023-05-11","18:43:29","Man goes on rant about BLM and MLK after road rage incident","video",":Misc: üá≤‚ÄãüáÆ‚Äãüá∏‚Äãüá®‚Äã","6640","1308","1","neutral","https://reddit.com/r/facepalm/comments/13ew21s/man_goes_on_rant_about_blm_and_mlk_after_road/","r/facepalm","7361004","LovableJackassv4","0.4301369863013699","275242","991","1461","https://reddit.com/user/LovableJackassv4/"
"2023-05-03","12:12:04","Rock & Roll Hall of Fame Reveals Class of 2023: Willie Nelson, Kate Bush, Missy Elliott, Sheryl Crow, Rage Against the Machine and More","link","article","10009","1733","0","neutral","https://reddit.com/r/Music/comments/136ircp/rock_roll_hall_of_fame_reveals_class_of_2023/","r/Music","32309139","MarvelsGrantMan136","2.9863013698630136","8760892","1359341","240992","https://reddit.com/user/MarvelsGrantMan136/"
"2023-06-14","20:00:46","2 dead following Denver I-25 road rage shooting, suspect Stephen Long in custody","link","","489","404","0","neutral","https://reddit.com/r/Denver/comments/149hj7g/2_dead_following_denver_i25_road_rage_shooting/","r/Denver","330301","bodhipop","8.38082191780822","314","195","20","https://reddit.com/user/bodhipop/"
"2023-05-17","21:25:41","Insane Road Rage Incident In Edmonton, Alberta","video","","8174","753","0","neutral","https://reddit.com/r/PublicFreakout/comments/13kelt3/insane_road_rage_incident_in_edmonton_alberta/","r/PublicFreakout","4544598","transgression1492_","0.6904109589041096","23353","6494","15","https://reddit.com/user/transgression1492_/"
"2023-05-18","12:09:19","Road rage turns violent","video","üöóRoad Rage","7327","698","0","neutral","https://reddit.com/r/PublicFreakout/comments/13kxa98/road_rage_turns_violent/","r/PublicFreakout","4544598","Romano16","6.76986301369863","1343895","308403","66260","https://reddit.com/user/Romano16/"
"2023-06-08","02:36:54","The Canadian Grand Prix may be under threat as forest fires rage across Quebec","link",":post-news: News","1994","316","0","neutral","https://reddit.com/r/formula1/comments/143wwgi/the_canadian_grand_prix_may_be_under_threat_as/","r/formula1","3185464","KungDododo","5.580821917808219","4286","1928","0","https://reddit.com/user/KungDododo/"
"2023-05-17","22:43:18","Insane Road Rage Incident in Edmonton, Canada","video","","8023","692","0","neutral","https://reddit.com/r/IdiotsInCars/comments/13kgnsl/insane_road_rage_incident_in_edmonton_canada/","r/IdiotsInCars","4132587","LancerEvoXI","8.189041095890412","5724","2603","55","https://reddit.com/user/LancerEvoXI/"
"2023-06-17","21:48:30","Is there anything more rage inducing than how zoomer women speak on the internet?","text","","706","261","0","neutral","https://reddit.com/r/redscarepod/comments/14c2scm/is_there_anything_more_rage_inducing_than_how/","r/redscarepod","89432","Glibbins","0.1506849315068493","3319","900","17","https://reddit.com/user/Glibbins/"
"2023-05-26","23:17:03","""Non creep"" rages himself out of a date","link",":Misc: üá≤‚ÄãüáÆ‚Äãüá∏‚Äãüá®‚Äã","9861","526","2","neutral","https://reddit.com/r/facepalm/comments/13srkzu/non_creep_rages_himself_out_of_a_date/","r/facepalm","7361004","zenmondo","11.452054794520548","5908","5260","223","https://reddit.com/user/zenmondo/"
"2023-05-11","00:27:24","Road rage caught on dashcam in Denver, CO","video","","11548","856","0","neutral","https://reddit.com/r/IdiotsInCars/comments/13e83vt/road_rage_caught_on_dashcam_in_denver_co/","r/IdiotsInCars","4132588","Creams0da","8.967123287671233","70086","1633","1502","https://reddit.com/user/Creams0da/"
"2023-06-14","03:45:52","has anyone seen this 'Rage Quit' button in the starfield direct?","link","Discussion","2390","165","0","neutral","https://reddit.com/r/Starfield/comments/148xmep/has_anyone_seen_this_rage_quit_button_in_the/","r/Starfield","147423","ninjasaid13","7.756164383561644","10734","127311","873","https://reddit.com/user/ninjasaid13/"
"2023-06-06","21:58:03","Smoky smell descends on Montreal as forest fires rage across Quebec","link",":post-news: News","1800","327","0","neutral","https://reddit.com/r/formula1/comments/142um73/smoky_smell_descends_on_montreal_as_forest_fires/","r/formula1","3185464","ck4029","4.1945205479452055","1531","3879","0","https://reddit.com/user/ck4029/"
"2023-06-01","12:40:00","Debate over defunding Ontario‚Äôs Catholic schools is raging again. Experts say doing it is actually quite simple | Merging the Ontario public and Catholic school systems would require a constitution change, say experts, but could save taxpayers more than $1.5 billion each year.","link","Article","2552","648","0","neutral","https://reddit.com/r/ontario/comments/13xgj5d/debate_over_defunding_ontarios_catholic_schools/","r/ontario","673084","viva_la_vinyl","10.131506849315068","4527854","2595470","26589","https://reddit.com/user/viva_la_vinyl/"
"2023-04-24","00:22:45","TIL that Rage Against The Machine Bassist Tim Commerford once confronted Buzz Aldrin at a party, saying the moon landing was faked","link","","14233","2006","0","neutral","https://reddit.com/r/todayilearned/comments/12ww55k/til_that_rage_against_the_machine_bassist_tim/","r/todayilearned","31822390","EdithDich","1.7397260273972603","85014","193124","4621","https://reddit.com/user/EdithDich/"
"2023-06-14","15:39:55","First time playthrough on Grandmaster - I've never rage quit before, but I'm close","video","Gameplay Clip/GIF","1755","167","0","neutral","https://reddit.com/r/FallenOrder/comments/149b2n5/first_time_playthrough_on_grandmaster_ive_never/","r/FallenOrder","216059","duderino711","3.2054794520547945","3739","12332","277","https://reddit.com/user/duderino711/"
"2023-06-11","18:40:56","2000 Tom Morello. Rage Against The Machine guitarist","link","","5154","114","0","neutral","https://reddit.com/r/antiwork/comments/1471mca/2000_tom_morello_rage_against_the_machine/","r/antiwork","2655520","tharnadar","8.90958904109589","27468","60266","725","https://reddit.com/user/tharnadar/"
"2023-05-18","21:22:30","Man loses his temper during road rage incident","video",":Misc: üá≤‚ÄãüáÆ‚Äãüá∏‚Äãüá®‚Äã","5821","563","0","neutral","https://reddit.com/r/facepalm/comments/13lbb07/man_loses_his_temper_during_road_rage_incident/","r/facepalm","7361006","LovableJackassv4","0.4301369863013699","275242","991","1461","https://reddit.com/user/LovableJackassv4/"
"2023-05-10","04:21:28","RoadRage Leads to Brutal Knockout/Seizure","video","Road Rage","7787","879","0","neutral","https://reddit.com/r/fightporn/comments/13dg1c1/roadrage_leads_to_brutal_knockoutseizure/","r/fightporn","1849304","CrazyWorldWeLiveInEh","0.4438356164383562","4973","205","0","https://reddit.com/user/CrazyWorldWeLiveInEh/"
"2023-05-24","15:46:50","So was this outfit all the rage in 2009?","link","","9627","281","0","neutral","https://reddit.com/r/DunderMifflin/comments/13qp8yd/so_was_this_outfit_all_the_rage_in_2009/","r/DunderMifflin","2216185","Fireblu6969","3.347945205479452","15705","45582","655","https://reddit.com/user/Fireblu6969/"
"2023-05-07","22:56:14","Rage quit my job at the gas station right before my shift, without another job lined up. Here‚Äôs to going from poverty to destitution, I guess.","link","","11157","752","2","neutral","https://reddit.com/r/antiwork/comments/13b5u5m/rage_quit_my_job_at_the_gas_station_right_before/","r/antiwork","2655520","skeeter2078","2.8054794520547945","16582","7503","716","https://reddit.com/user/skeeter2078/"
"2023-06-14","20:51:56","Trump post-arraignment donor dinner was full of crab cakes, burgers and rage","link","","1066","174","0","neutral","https://reddit.com/r/politics/comments/149issu/trump_postarraignment_donor_dinner_was_full_of/","r/politics","8340944","cnbc_official","4.824657534246575","170906","17419","727","https://reddit.com/user/cnbc_official/"
"2023-03-30","09:24:57","Ron DeSantis' Board Rages Against Disney World After Legal Humiliation","link","","53343","5409","6","neutral","https://reddit.com/r/politics/comments/126hlco/ron_desantis_board_rages_against_disney_world/","r/politics","8340944","bildo72","6.83013698630137","160413","221605","4262","https://reddit.com/user/bildo72/"
"2023-06-11","01:44:35","My Mom has ruined every one of my birthdays since I was 15. Today she smashed my cake in rage.","text","[Support]","1246","198","0","neutral","https://reddit.com/r/raisedbynarcissists/comments/146hawy/my_mom_has_ruined_every_one_of_my_birthdays_since/","r/raisedbynarcissists","879981","Juno-the-Jinx","1.5808219178082192","1742","824","0","https://reddit.com/user/Juno-the-Jinx/"
"2023-06-16","08:26:10","This is one of the most rage inducing table flipping things that happens all the damn time on our roads.","link","Misc Question","845","153","0","neutral","https://reddit.com/r/CarTalkUK/comments/14ar5r1/this_is_one_of_the_most_rage_inducing_table/","r/CarTalkUK","158669","ZealousidealLuck6303","0.273972602739726","13532","2746","18","https://reddit.com/user/ZealousidealLuck6303/"
"2023-05-22","10:51:09","Marjorie Taylor Greene, who's raged about drag queens for months, is defending her boyfriend over an old video of him donning drag in Dallas; Republician Hypocrisy on full display.","link","","13607","411","0","neutral","https://reddit.com/r/TheMajorityReport/comments/13ongyp/marjorie_taylor_greene_whos_raged_about_drag/","r/TheMajorityReport","33306","MinisterOfTruth99","6.802739726027397","61229","50133","1075","https://reddit.com/user/MinisterOfTruth99/"
"2023-05-13","00:38:49","man assaults driver in atlanta after road rage incident","video","","6962","601","0","neutral","https://reddit.com/r/PublicFreakout/comments/13g29tz/man_assaults_driver_in_atlanta_after_road_rage/","r/PublicFreakout","4544598","girlinmyvividdreams","0.41643835616438357","32564","149","10","https://reddit.com/user/girlinmyvividdreams/"
"2023-05-29","14:29:47","UFC ""prospect"" Sharabutdin Magomedov loses a grappling match and then rages at his opponent.","video","","2586","520","0","neutral","https://reddit.com/r/ufc/comments/13uwgvn/ufc_prospect_sharabutdin_magomedov_loses_a/","r/ufc","981067","Logicwrestling","1.1424657534246576","211835","28473","2202","https://reddit.com/user/Logicwrestling/"
"2023-06-08","09:33:58","Have someone try and smash my car windows from road rage, police tell me to phone 101 to book in a statement taking, cut backs mean no one is answering 101","text","+","1366","207","0","neutral","https://reddit.com/r/britishproblems/comments/1444ij9/have_someone_try_and_smash_my_car_windows_from/","r/britishproblems","889426","mtickell1207","2.282191780821918","17763","3788","282","https://reddit.com/user/mtickell1207/"
"2023-06-05","14:56:53","They rage-churned this out QUICK","link","Paul and Morgan","1295","243","0","neutral","https://reddit.com/r/FundieSnarkUncensored/comments/141h7ep/they_ragechurned_this_out_quick/","r/FundieSnarkUncensored","160724","BufoBat","0.5095890410958904","5296","21166","43","https://reddit.com/user/BufoBat/"
"2023-06-07","09:25:27","New York air ‚Äòworst in the world‚Äô as Canadian wildfires rages on","link","News","1087","377","0","neutral","https://reddit.com/r/nyc/comments/1438d26/new_york_air_worst_in_the_world_as_canadian/","r/nyc","801675","King-of-New-York","2.3698630136986303","105095","44441","3436","https://reddit.com/user/King-of-New-York/"
"2023-05-22","14:50:35","Women raged hard and used her child as a stone to hurt that man","video","Classic Repost ‚ôªÔ∏è","7468","393","0","neutral","https://reddit.com/r/PublicFreakout/comments/13ot2f5/women_raged_hard_and_used_her_child_as_a_stone_to/","r/PublicFreakout","4544598","JohnW305","3.175342465753425","531773","3598","3141","https://reddit.com/user/JohnW305/"
"2023-06-09","05:19:26","Old but gold CS:GO rage. Psychopath german goes fully insane","video","","3263","105","0","neutral","https://reddit.com/r/csgo/comments/144w57n/old_but_gold_csgo_rage_psychopath_german_goes/","r/csgo","566543","xt5y","1.715068493150685","8723","8062","230","https://reddit.com/user/xt5y/"
"2023-06-09","15:06:49","Git Gud or Rage Quit.","link","OC Maymay ‚ô® ","4926","79","0","neutral","https://reddit.com/r/dankmemes/comments/1457qen/git_gud_or_rage_quit/","r/dankmemes","5915993","thepositivepandemic","4.010958904109589","1917966","117075","68091","https://reddit.com/user/thepositivepandemic/"
"2023-05-23","06:14:44","I can't tell if it's rage bait","video","Chef Club drivel","2442","409","0","neutral","https://reddit.com/r/StupidFood/comments/13pfz4q/i_cant_tell_if_its_rage_bait/","r/StupidFood","1083388","Mechwarrior234","7.153424657534247","18099","1333","195","https://reddit.com/user/Mechwarrior234/"
"2023-06-10","22:21:49","Star Spangled COD RAGE","video","video  :jamboMoney:","2064","107","0","neutral","https://reddit.com/r/jschlattsubmissions/comments/146cxm9/star_spangled_cod_rage/","r/jschlattsubmissions","86327","GalaxusNordu","0.4410958904109589","2539","187","0","https://reddit.com/user/GalaxusNordu/"
"2023-06-09","02:19:06","I‚Äôve never felt deeper rage at a member of The Gang than this scene","link","","962","174","0","neutral","https://reddit.com/r/IASIP/comments/144sjhw/ive_never_felt_deeper_rage_at_a_member_of_the/","r/IASIP","908478","LordofAngmarMB","5.52054794520548","132181","82142","1977","https://reddit.com/user/LordofAngmarMB/"
"2023-05-31","17:36:02","""Il lui a fracass√© le cr√¢ne"": la rage du p√®re de l'enfant renvers√© lors d‚Äôun rod√©o urbain √† Beauvais","link","Fait Divers","391","476","0","neutral","https://reddit.com/r/france/comments/13wsozg/il_lui_a_fracass√©_le_cr√¢ne_la_rage_du_p√®re_de/","r/france","1244691","OrdinaryMidnight5","3.5506849315068494","31130","13530","658","https://reddit.com/user/OrdinaryMidnight5/"
"2023-06-07","19:30:40","Raging out over a statue","link","","3490","161","0","neutral","https://reddit.com/r/clevercomebacks/comments/143mibk/raging_out_over_a_statue/","r/clevercomebacks","1568660","felix__baron","0.8438356164383561","66460","983","179","https://reddit.com/user/felix__baron/"
"2023-05-11","14:42:12","Russia is fighting another war. This one in their home land.Gigantic wildfires are burning across Siberia on a record scale that is larger than all the fires raging this summer around the world combined. .","video","accident/disaster ","10937","622","0","neutral","https://reddit.com/r/TerrifyingAsFuck/comments/13epdxf/russia_is_fighting_another_war_this_one_in_their/","r/TerrifyingAsFuck","595073","rutgerbadcat","4.065753424657534","79976","1145","23","https://reddit.com/user/rutgerbadcat/"
"2023-05-06","17:01:24","Bay Area road rage suspect found with 40 firearms, police say","link","","7957","576","0","neutral","https://reddit.com/r/news/comments/139vlsm/bay_area_road_rage_suspect_found_with_40_firearms/","r/news","26268224","gilbertgrappa","12.07123287671233","35815","42040","715","https://reddit.com/user/gilbertgrappa/"
"2023-05-31","04:10:18","Just rage quit today with 13 days left in the year :)","text","","1062","297","0","neutral","https://reddit.com/r/TeachersInTransition/comments/13wbuln/just_rage_quit_today_with_13_days_left_in_the_year/","r/TeachersInTransition","12273","ElectricBoogieee","4.057534246575343","1848","2484","0","https://reddit.com/user/ElectricBoogieee/"
"2023-06-18","20:08:28","What made someone who you were fighting against rage quit?","link","Help/Question","515","105","0","neutral","https://reddit.com/r/SmashBrosUltimate/comments/14ctrrr/what_made_someone_who_you_were_fighting_against/","r/SmashBrosUltimate","466729","Ready-Trainer-3672","2.243835616438356","8822","3618","20","https://reddit.com/user/Ready-Trainer-3672/"
"2023-06-01","14:49:15","Anyone have experience with rage quitting?","text","","621","347","0","neutral","https://reddit.com/r/ExperiencedDevs/comments/13xjjb5/anyone_have_experience_with_rage_quitting/","r/ExperiencedDevs","116575","uriejejejdjbejxijehd","4.9150684931506845","520","48431","349","https://reddit.com/user/uriejejejdjbejxijehd/"
"2023-06-04","19:33:51","Awful road rage today‚Ä¶","video","","2909","124","0","neutral","https://reddit.com/r/IdiotsInCars/comments/140nnys/awful_road_rage_today/","r/IdiotsInCars","4132588","macbumble","5.734246575342466","1458","844","0","https://reddit.com/user/macbumble/"
"2023-06-07","11:26:15","Soldiers with the buff banner when they die at almost complete rage","video","Found Creation","4387","80","0","neutral","https://reddit.com/r/tf2/comments/143akss/soldiers_with_the_buff_banner_when_they_die_at/","r/tf2","809175","bah_a","3.0657534246575344","114831","16516","722","https://reddit.com/user/bah_a/"
"2023-05-29","14:33:52","Nut rage incident: After the vice president of Korean Air was served nuts in a plastic package instead of on a plate, she forced the cabin crew chief to beg for forgiveness on his knees, physically assaulted him, then fired him and had him removed from the plane.","link","","3150","172","0","neutral","https://reddit.com/r/wikipedia/comments/13uwkov/nut_rage_incident_after_the_vice_president_of/","r/wikipedia","496411","adescuentechable","8.441095890410958","106518","176662","729","https://reddit.com/user/adescuentechable/"
"2023-06-07","21:35:59","Adin is racist, Bruce is a hypocrite, Kai is a content leech, Fanum is fat, Rage is unfunny. I think it‚Äôs time to accept the fact that our idols aren‚Äôt good people.","link","Meme","815","171","0","neutral","https://reddit.com/r/BruceDropEmOff/comments/143psm6/adin_is_racist_bruce_is_a_hypocrite_kai_is_a/","r/BruceDropEmOff","195913","izTraymire","0.7506849315068493","2902","5841","0","https://reddit.com/user/izTraymire/"
"2023-05-05","09:58:39","Craziest golf rage I've ever seen.","text","General Discussion","4517","717","0","neutral","https://reddit.com/r/golf/comments/138gxve/craziest_golf_rage_ive_ever_seen/","r/golf","693781","guitarguy35","5.898630136986301","18093","15225","1132","https://reddit.com/user/guitarguy35/"
"2023-05-20","21:33:03","Road Rage- 2 Teens vs. 1 Old Man ","video","Mob / Group Fight","4927","247","0","neutral","https://reddit.com/r/fightporn/comments/13n9s3d/road_rage_2_teens_vs_1_old_man/","r/fightporn","1849311","Technical_Money_3548","2.287671232876712","3136","1782","65","https://reddit.com/user/Technical_Money_3548/"
"2023-04-26","18:47:53","Road-raging driver maneuvering recklessly and crashing into car on a freeway","video","","19148","880","0","neutral","https://reddit.com/r/IdiotsInCars/comments/12zu1l7/roadraging_driver_maneuvering_recklessly_and/","r/IdiotsInCars","4132586","uchman365","4.4082191780821915","624697","262280","2519","https://reddit.com/user/uchman365/"
"2023-06-05","13:25:16","Mother had full on narc rage over my boundaries","text","[Rant/Vent]","1127","157","0","neutral","https://reddit.com/r/raisedbynarcissists/comments/141eib8/mother_had_full_on_narc_rage_over_my_boundaries/","r/raisedbynarcissists","879983","lottielobotomy","1.893150684931507","492","209","0","https://reddit.com/user/lottielobotomy/"
"2023-05-01","12:35:52","Hey guys, have you ever thought about why Jango Fett decided to jump into the middle of a raging Jedi and droid battle when he could've played it safe like everyone else? I mean, the guy was a top-notch bounty hunter, so what was he thinking? Let's discuss our theories!","link","General Discussion","6839","1107","0","neutral","https://reddit.com/r/StarWars/comments/134law4/hey_guys_have_you_ever_thought_about_why_jango/","r/StarWars","2865060","ZebulonThackeray","0.21643835616438356","12868","988","8","https://reddit.com/user/ZebulonThackeray/"
"2023-06-18","20:29:33","What enemy in the game is the worst? Not necessarily the hardest but the one that makes you want to rage quit.","text","Discussion","162","142","0","neutral","https://reddit.com/r/darksouls/comments/14cua59/what_enemy_in_the_game_is_the_worst_not/","r/darksouls","484103","dover_oxide","6.419178082191781","32552","123522","612","https://reddit.com/user/dover_oxide/"
"2023-06-16","13:31:27","This is one of the most rage inducing table flipping things that happens all the damn time on our roads.","link","","440","98","0","neutral","https://reddit.com/r/drivingUK/comments/14awym9/this_is_one_of_the_most_rage_inducing_table/","r/drivingUK","15103","MysteriousMist24","1.7424657534246575","6305","1819","53","https://reddit.com/user/MysteriousMist24/"
"2023-04-20","06:11:26","LPT: If you are ever a target of road rage and you're being followed around as you drive, lead them to the local police station and park outside of it or walk inside, either they will not have the courage to assault somebody in front of the police or there will (ideally) be help nearby.","text","Miscellaneous","14115","837","0","neutral","https://reddit.com/r/LifeProTips/comments/12soakx/lpt_if_you_are_ever_a_target_of_road_rage_and/","r/LifeProTips","22086341","Sol33t303","6.816438356164384","77072","222161","2060","https://reddit.com/user/Sol33t303/"
"2023-06-01","07:07:20","Road Rage Is Getting Crazy. Just me?","text","","363","320","0","neutral","https://reddit.com/r/Denver/comments/13xaqms/road_rage_is_getting_crazy_just_me/","r/Denver","330301","Impressive-Thing-483","1.9643835616438357","232","1280","0","https://reddit.com/user/Impressive-Thing-483/"
"2023-06-03","14:56:58","How to calm down a Raging Romanian Man.","video","","2375","188","0","neutral","https://reddit.com/r/PublicFreakout/comments/13zfbed/how_to_calm_down_a_raging_romanian_man/","r/PublicFreakout","4544603","somethingtoreadnow","0.2876712328767123","11741","13494","223","https://reddit.com/user/somethingtoreadnow/"
"2023-04-17","10:41:05","Donald Trump's team rages over poll showing him floundering in swing states","link","","22074","1278","0","neutral","https://reddit.com/r/politics/comments/12pbb61/donald_trumps_team_rages_over_poll_showing_him/","r/politics","8340944","BelleAriel","6.063013698630137","13624358","803364","107899","https://reddit.com/user/BelleAriel/"
"2023-06-03","13:43:38","Yellowjackets featured in NYTimes article about women‚Äôs rage in TV","link","News","926","163","0","neutral","https://reddit.com/r/Yellowjackets/comments/13zdbrn/yellowjackets_featured_in_nytimes_article_about/","r/Yellowjackets","106996","camellia_s","5.52054794520548","1974","17271","138","https://reddit.com/user/camellia_s/"
"2023-05-10","03:09:47","This Girl just Rage Quit today...","video","","9457","274","1","neutral","https://reddit.com/r/antiwork/comments/13den9t/this_girl_just_rage_quit_today/","r/antiwork","2655526","pandabatron","3.5232876712328767","568176","49371","5088","https://reddit.com/user/pandabatron/"
"2023-05-18","09:13:12","Road rage racist tries to hit the car but gets crashed himself","video","","4648","241","0","neutral","https://reddit.com/r/criticalblunder/comments/13kthf5/road_rage_racist_tries_to_hit_the_car_but_gets/","r/criticalblunder","313507","hannibal49","2.0054794520547947","44148","163","56","https://reddit.com/user/hannibal49/"
"2023-05-03","22:03:34","Houston downtown road rage. Shotgun!!","video","","3516","690","0","neutral","https://reddit.com/r/houston/comments/1371234/houston_downtown_road_rage_shotgun/","r/houston","367660","e000000s","0.21643835616438356","1991","0","0","https://reddit.com/user/e000000s/"
"2023-05-08","16:06:17","I've lived 70+ years never fearing being the victim of random violence, but now think it's a possibility. Shootings, stabbings, muggings, and road rage are commonplace now. And mass shootings are an everyday occurrence.","text","","1521","710","0","neutral","https://reddit.com/r/RandomThoughts/comments/13bwfea/ive_lived_70_years_never_fearing_being_the_victim/","r/RandomThoughts","298162","Twinkletoes1951","3.1397260273972605","3255","29356","168","https://reddit.com/user/Twinkletoes1951/"
"2023-04-22","13:43:08","To tell Rage Against the Machine what not to say","video","","14952","609","0","neutral","https://reddit.com/r/therewasanattempt/comments/12v6b8h/to_tell_rage_against_the_machine_what_not_to_say/","r/therewasanattempt","6413754","Living_Wickihowla","6.589041095890411","328816","6850","5841","https://reddit.com/user/Living_Wickihowla/"
"2023-06-07","09:33:54","Bigots rage over CBeebies sharing biological facts about fish changing gender","link","","162","291","0","neutral","https://reddit.com/r/unitedkingdom/comments/1438i99/bigots_rage_over_cbeebies_sharing_biological/","r/unitedkingdom","1655453","PinkNews","7.824657534246575","143508","1215","328","https://reddit.com/user/PinkNews/"
"2023-04-24","12:22:05","Trying to think of a cool name for Thor‚Äôs rage state. Kratos has Spartan Rage, Thor has-","link","","3745","1113","0","neutral","https://reddit.com/r/GodofWar/comments/12xdumw/trying_to_think_of_a_cool_name_for_thors_rage/","r/GodofWar","358837","Mr_Blobby456","2.2356164383561645","6213","3568","81","https://reddit.com/user/Mr_Blobby456/"
"2023-06-05","14:33:12","MELTDOWN MONDAY: WEEKLY RAGE THREAD","text","Meltdown Monday","158","335","0","neutral","https://reddit.com/r/wow/comments/141ghsr/meltdown_monday_weekly_rage_thread/","r/wow","2343235","StarAugurEtraeus","5.942465753424657","253959","184207","8944","https://reddit.com/user/StarAugurEtraeus/"
"2023-06-08","15:05:24","Someone rage-quitting while my home run is still in the air shouldn't result in the home run not counting","text","Suggestion For SDS :snoo_putback:","357","178","0","neutral","https://reddit.com/r/MLBTheShow/comments/144bq62/someone_ragequitting_while_my_home_run_is_still/","r/MLBTheShow","200183","FifaFrancesco","10.07945205479452","22719","207514","453","https://reddit.com/user/FifaFrancesco/"
"2023-06-06","08:12:48","What Game Do You Think Malina is Raging Over","link","Fanart | Repost","1651","156","0","neutral","https://reddit.com/r/Helltaker/comments/1428iuh/what_game_do_you_think_malina_is_raging_over/","r/Helltaker","105560","DarkSaber01","4.419178082191781","1818826","91629","30653","https://reddit.com/user/DarkSaber01/"
"2023-06-14","13:00:00","Ready To Rage Quit Yet?","link","Shitpost","205","149","0","neutral","https://reddit.com/r/GunMemes/comments/14979gb/ready_to_rage_quit_yet/","r/GunMemes","88513","Asylumist","7.345205479452055","236","-100","0","https://reddit.com/user/Asylumist/"
"2023-06-10","23:04:31","[WP] For 10 long years war has raged while the Galactic Committee held a tight leash on the humans; stating ""We do things a certain way"". Now, with the enemy closing in, the leash comes off.","text","Writing Prompt","1465","129","0","neutral","https://reddit.com/r/WritingPrompts/comments/146dwvr/wp_for_10_long_years_war_has_raged_while_the/","r/WritingPrompts","16936143","NightAngel224","9.61917808219178","760","62","0","https://reddit.com/user/NightAngel224/"
"2023-06-17","14:40:49","Sometimes rage is just too strong!!","link","Europa Universalis","2048","35","0","neutral","https://reddit.com/r/ParadoxExtra/comments/14bssg8/sometimes_rage_is_just_too_strong/","r/ParadoxExtra","65528","Mabel-Perez","0.4958904109589041","1073","4","0","https://reddit.com/user/Mabel-Perez/"
"2023-06-05","03:17:53","I just wanted to showcase this beauty I toasted the other night. It also brings up the raging debate, do you prefer your mallows fully burnt or just toasted?","link","","1147","194","0","neutral","https://reddit.com/r/camping/comments/1410gax/i_just_wanted_to_showcase_this_beauty_i_toasted/","r/camping","3328062","Mrewlba","3.0657534246575344","992","460","55","https://reddit.com/user/Mrewlba/"
"2023-05-31","20:50:31","Rage against Tesla owners from trucks & other lifted up vehicles: blow black smoke and cutting me off constantly","text","General","229","363","0","neutral","https://reddit.com/r/TeslaLounge/comments/13wxn3r/rage_against_tesla_owners_from_trucks_other/","r/TeslaLounge","93283","Frequent-Ebb6310","0.3232876712328767","1176","1174","185","https://reddit.com/user/Frequent-Ebb6310/"
"2023-06-09","11:51:43","I agree with this raging man","link","","621","183","0","neutral","https://reddit.com/r/2westerneurope4u/comments/145359a/i_agree_with_this_raging_man/","r/2westerneurope4u","158934","WaldoClown","3.8273972602739725","5865","17338","180","https://reddit.com/user/WaldoClown/"
"2023-06-14","04:01:25","Rage Wednesday Thread","text","Rage Wednesday","86","211","0","neutral","https://reddit.com/r/deadbydaylight/comments/148xw8b/rage_wednesday_thread/","r/deadbydaylight","715829","AutoModerator","11.46027397260274","1000","1000","2431080","https://reddit.com/user/AutoModerator/"
"2023-06-13","10:33:32","Today my cousin's girlfriend hit my car, and totaled it in a fit of rage. Come to find out she had no insurance.","text","","926","68","0","neutral","https://reddit.com/r/legaladvice/comments/148c8ns/today_my_cousins_girlfriend_hit_my_car_and/","r/legaladvice","2368795","JadedBasis6278","1.6273972602739726","572","983","0","https://reddit.com/user/JadedBasis6278/"
"2023-04-16","14:33:32","In Florida, 2 ‚ÄúWell Armed Militia‚Äù members shoot each other‚Äôs daughters on a road rage incident. Just as our Forefathers intended.","link","","8689","1040","1","neutral","https://reddit.com/r/WhitePeopleTwitter/comments/12oanjc/in_florida_2_well_armed_militia_members_shoot/","r/WhitePeopleTwitter","2960781","Travismatthew08","0.684931506849315","1202860","248277","8311","https://reddit.com/user/Travismatthew08/"
"2023-05-03","12:10:14","Rock & Roll Hall of Fame Class 2023 Includes Rage Against the Machine, Willie Nelson, Missy Elliott, Kate Bush, George Michael, and Sheryl Crow","link","","3681","573","0","neutral","https://reddit.com/r/entertainment/comments/136iptl/rock_roll_hall_of_fame_class_2023_includes_rage/","r/entertainment","3951592","ebradio","5.531506849315068","659472","18539","12270","https://reddit.com/user/ebradio/"
"2023-06-18","17:23:53","Am I the Devil for rage baiting on Pride","link","Asshole from another realm","215","94","0","neutral","https://reddit.com/r/AmITheDevil/comments/14cpwjj/am_i_the_devil_for_rage_baiting_on_pride/","r/AmITheDevil","225737","akula_chan","3.336986301369863","5231","23152","244","https://reddit.com/user/akula_chan/"
"2023-05-26","05:04:14","Rage","video","I Miss Natter #NatterIsLoveNatterIsLife","5242","109","0","neutral","https://reddit.com/r/shitposting/comments/13s3ssp/rage/","r/shitposting","2378369","AltTabulor","3.7095890410958905","40771","2074","422","https://reddit.com/user/AltTabulor/"
"2023-06-01","01:47:10","This is how I imagine Titus and Malum Caedo are if they're friends. Malum being the barely contained ball of rage and Titus being the one to rein him in.","link","","2661","104","0","neutral","https://reddit.com/r/Grimdank/comments/13x4wv8/this_is_how_i_imagine_titus_and_malum_caedo_are/","r/Grimdank","340715","Paladin51394","5.293150684931507","153451","226157","742","https://reddit.com/user/Paladin51394/"
"2023-06-08","16:47:30","Bethy looks full of rage in this video. Absolutely seething that she can‚Äôt get a word in.","video","Girl Defined","541","123","0","neutral","https://reddit.com/r/FundieSnarkUncensored/comments/144ed5u/bethy_looks_full_of_rage_in_this_video_absolutely/","r/FundieSnarkUncensored","160727","SillyStrungz","1.2986301369863014","3158","13649","35","https://reddit.com/user/SillyStrungz/"
"2023-05-15","14:39:21","TIFU by getting caught up in road rage","text","S","1550","373","0","neutral","https://reddit.com/r/tifu/comments/13ia80r/tifu_by_getting_caught_up_in_road_rage/","r/tifu","18344084","pegged50","7.671232876712328","3326","58706","408","https://reddit.com/user/pegged50/"
"2023-05-28","16:14:15","Gym fight roid rage","video","Misc. ","3165","111","0","neutral","https://reddit.com/r/fightporn/comments/13u48t4/gym_fight_roid_rage/","r/fightporn","1849313","fonsbark","4.989041095890411","84181","100","198","https://reddit.com/user/fonsbark/"
"2023-05-28","18:43:29","A suv and a truck we‚Äôre having a road rage battle trying to cut each other off on a highway near Brampton today","video","Brampton","598","239","0","neutral","https://reddit.com/r/TorontoDriving/comments/13u7sk3/a_suv_and_a_truck_were_having_a_road_rage_battle/","r/TorontoDriving","24099","Dull_Application_424","0.7945205479452054","7243","8933","43","https://reddit.com/user/Dull_Application_424/"
"2023-05-15","17:19:11","Spent 3 hours at brunch with my Mom, Aunt and Cousins and got rage texted at once I got home. Happy Mother‚Äôs Day!","link","SMS","3999","218","0","neutral","https://reddit.com/r/insaneparents/comments/13ie7mb/spent_3_hours_at_brunch_with_my_mom_aunt_and/","r/insaneparents","1432737","Jewnam","10.038356164383561","2268","4331","0","https://reddit.com/user/Jewnam/"
"2023-06-01","21:27:53","Just watched ATSV. 10/10 movie even though I knew they were going to do my 3rd favourite spider-GOAT wrong. Can anyone try to explain Miguel's weird apparent roid rage in this movie?","link","Movies","1085","131","0","neutral","https://reddit.com/r/Spiderman/comments/13xtwkm/just_watched_atsv_1010_movie_even_though_i_knew/","r/Spiderman","759498","Shadowkiva","1.5917808219178082","200773","107801","602","https://reddit.com/user/Shadowkiva/"
"2023-05-23","16:34:11","What was that moment of rage that changed your life?","text","Content Warning","503","354","0","neutral","https://reddit.com/r/AskWomen/comments/13ptjiv/what_was_that_moment_of_rage_that_changed_your/","r/AskWomen","5502965","Ok-Bug4885","2.463013698630137","5726","704","0","https://reddit.com/user/Ok-Bug4885/"
"2023-06-05","21:06:22","Road rage, y‚Äôall.","text","Help | Advice","309","182","0","neutral","https://reddit.com/r/nashville/comments/141rux4/road_rage_yall/","r/nashville","200934","NashGent2022","0.7726027397260274","239","491","0","https://reddit.com/user/NashGent2022/"
"2023-05-09","23:42:59","Instant Road Rage","video","Repost üòî","2575","389","0","neutral","https://reddit.com/r/PublicFreakout/comments/13da41i/instant_road_rage/","r/PublicFreakout","4544604","GamerDabiTodoroki","0.2356164383561644","109457","11240","256","https://reddit.com/user/GamerDabiTodoroki/"
"2023-04-21","21:44:01","To run another driver over in a road rage incident ","video","","10467","599","0","neutral","https://reddit.com/r/therewasanattempt/comments/12ujit8/to_run_another_driver_over_in_a_road_rage_incident/","r/therewasanattempt","6413780","uchman365","4.4082191780821915","624769","262281","2519","https://reddit.com/user/uchman365/"
"2023-06-06","06:01:32","Recession talk rages on despite robust jobs market","link","News","255","306","0","neutral","https://reddit.com/r/Economics/comments/1425ont/recession_talk_rages_on_despite_robust_jobs_market/","r/Economics","3290886","Vivid_Impression2508","0.37534246575342467","2933","113","0","https://reddit.com/user/Vivid_Impression2508/"
"2023-05-02","14:51:53","Secret Lore: Did you know NPCs can rage quit?","video","Humor","12304","262","0","neutral","https://reddit.com/r/Eldenring/comments/135ngji/secret_lore_did_you_know_npcs_can_rage_quit/","r/Eldenring","1960160","Brutalonym","1.3397260273972602","17370","54454","396","https://reddit.com/user/Brutalonym/"
"2023-05-29","16:33:47","So do you just sit down after running and hanging out with friends doing silly things and then lose all of the dopamine and just have a rage that cannot be explained","text","Suspiciously specific","1834","116","0","neutral","https://reddit.com/r/aspiememes/comments/13uzo8k/so_do_you_just_sit_down_after_running_and_hanging/","r/aspiememes","201422","AFanceyCabbage","0.2054794520547945","1518","1080","0","https://reddit.com/user/AFanceyCabbage/"
"2023-06-11","02:30:45","that whole sub is just rage bait now","link",":Republican-Logo: Republicans = Nazis :Nazi-Flag:","751","74","0","neutral","https://reddit.com/r/TheLeftCantMeme/comments/146i6rq/that_whole_sub_is_just_rage_bait_now/","r/TheLeftCantMeme","53542","Particular_Ad5405","2.1095890410958904","5145","2062","18","https://reddit.com/user/Particular_Ad5405/"
"2023-06-17","09:32:56","Big John raging at Eddie Hearn ","video","","239","124","0","neutral","https://reddit.com/r/Boxing/comments/14bmmir/big_john_raging_at_eddie_hearn/","r/Boxing","1707940","RightOfLifeIsRight","0.2219178082191781","34244","3717","188","https://reddit.com/user/RightOfLifeIsRight/"
"2023-06-15","17:23:50","Feeling so much rage","text","Divorce","115","124","0","neutral","https://reddit.com/r/MuslimMarriage/comments/14a85xm/feeling_so_much_rage/","r/MuslimMarriage","49298","Light-and-grace","0.08493150684931507","102","1432","0","https://reddit.com/user/Light-and-grace/"
"2023-06-11","09:47:47","What about capitalism fuels your rage the most?","text","","138","152","0","neutral","https://reddit.com/r/LateStageCapitalism/comments/146ps5f/what_about_capitalism_fuels_your_rage_the_most/","r/LateStageCapitalism","850823","MoreAirhorn","4.994520547945205","57","5144","0","https://reddit.com/user/MoreAirhorn/"
"2023-06-03","11:08:40","fun fact: in the true ending its the only time peppino smiles normally (not out of rage or fear)","link","Discussion","1089","96","0","neutral","https://reddit.com/r/PizzaTower/comments/13z9hob/fun_fact_in_the_true_ending_its_the_only_time/","r/PizzaTower","27563","zemrekir","0.26301369863013696","1881","3057","0","https://reddit.com/user/zemrekir/"
"2023-05-21","04:35:20","Road Rage - Driver tailgates then tries to run me off the road. Mt Roskill, Auckland.","video","Picture/Video","879","284","0","neutral","https://reddit.com/r/auckland/comments/13niy1v/road_rage_driver_tailgates_then_tries_to_run_me/","r/auckland","121929","Legitimate_Ask_4044","0.07945205479452055","409","251","0","https://reddit.com/user/Legitimate_Ask_4044/"
"2023-06-13","19:07:49","AITA for telling my mom what my brother had said about her in a fit of rage?","text","AITA","377","76","0","neutral","https://reddit.com/r/TwoHotTakes/comments/148n0k5/aita_for_telling_my_mom_what_my_brother_had_said/","r/TwoHotTakes","152166","Inevitable_Chef_5821","0.20821917808219179","180","433","0","https://reddit.com/user/Inevitable_Chef_5821/"
"2023-05-06","12:05:25","More than 13,000 people in Western Canada evacuated as wildfires rage across region amid hot weather and high winds","link","","2209","436","0","neutral","https://reddit.com/r/canada/comments/139l2fp/more_than_13000_people_in_western_canada/","r/canada","1782841","EndlessSenseless","3.180821917808219","23747","738","131","https://reddit.com/user/EndlessSenseless/"
"2023-04-26","17:30:22","Roid Rage?","video",":Misc: üá≤‚ÄãüáÆ‚Äãüá∏‚Äãüá®‚Äã","3854","599","0","neutral","https://reddit.com/r/facepalm/comments/12zr68x/roid_rage/","r/facepalm","7361079","Impressive-Body-1702","2.6054794520547944","7235","7708","36","https://reddit.com/user/Impressive-Body-1702/"
"2023-06-08","22:42:33","ü§°ü§°ü§° Rage For The Machine's Vaxx Mandates historically revises the events of the last 3.5 years: ""just to be clear, no fans at any show in the history of Rage Against the Machine have ever had a vaccination requirement to be in the room. Ever."" ü§°ü§°ü§°","link","COVID means never having to say you're sorry","523","91","0","neutral","https://reddit.com/r/CoronavirusCirclejerk/comments/144nnel/rage_for_the_machines_vaxx_mandates_historically/","r/CoronavirusCirclejerk","55127","JSFXPrime4","0.7753424657534247","15558","14866","83","https://reddit.com/user/JSFXPrime4/"
"2023-05-28","12:00:48","Gronk's guide to rage","link","Humor","1326","133","0","neutral","https://reddit.com/r/Pathfinder2e/comments/13tyre8/gronks_guide_to_rage/","r/Pathfinder2e","93551","gray007nl","9.449315068493151","89781","75436","1306","https://reddit.com/user/gray007nl/"
"2023-06-01","10:01:56","Does being bitten without being infected mean your 100% gonna die I‚Äôve been raging for hours trying to clear the military base and I‚Äôve been hoping that it doesn‚Äôt mean I‚Äôm dead","text","Question","931","187","0","neutral","https://reddit.com/r/projectzomboid/comments/13xdhvp/does_being_bitten_without_being_infected_mean/","r/projectzomboid","285152","jensieboy13","2.66027397260274","599","611","0","https://reddit.com/user/jensieboy13/"
"2023-05-02","23:56:11","Another day, another road rage idiot. ","video","","6082","310","0","neutral","https://reddit.com/r/IdiotsInCars/comments/1364jwk/another_day_another_road_rage_idiot/","r/IdiotsInCars","4132589","Budget_Green","3.26027397260274","22172","8005","78","https://reddit.com/user/Budget_Green/"
"2023-06-07","03:42:23","Resignation response: boss flew into rage within 2 sec","text","","583","92","0","neutral","https://reddit.com/r/antiwork/comments/1432bsw/resignation_response_boss_flew_into_rage_within_2/","r/antiwork","2655534","db12020","2.8164383561643835","209","456","0","https://reddit.com/user/db12020/"
"2023-03-21","13:28:03","Unfazed diners in Lyon, France, while pension protests are raging on outside","video","Video","53503","1924","0","neutral","https://reddit.com/r/Damnthatsinteresting/comments/11xguz8/unfazed_diners_in_lyon_france_while_pension/","r/Damnthatsinteresting","10302534","EtoileDuSoir","11.356164383561644","59801","56610","2065","https://reddit.com/user/EtoileDuSoir/"
"2023-06-12","02:48:42","I know pronouns are all the rage but can we get some hype for nouns?","text","","953","51","0","neutral","https://reddit.com/r/MtF/comments/147czkb/i_know_pronouns_are_all_the_rage_but_can_we_get/","r/MtF","213060","-How-Did-I-Get-Here","0.13424657534246576","5584","22667","293","https://reddit.com/user/-How-Did-I-Get-Here/"
"2023-05-21","20:08:57","Random Black Rage inspection. Who do you see in this picture?","link","meme","669","270","0","neutral","https://reddit.com/r/BloodAngels/comments/13o4wer/random_black_rage_inspection_who_do_you_see_in/","r/BloodAngels","31890","lordmegatron01","4.717808219178083","79442","65316","710","https://reddit.com/user/lordmegatron01/"
"2023-06-16","07:37:36","Consoles: playing upscaled older console games on a nice big display can REALLY make them look really fresh and new (Rage, Far Cry 4 etc)","text","","175","79","0","neutral","https://reddit.com/r/patientgamers/comments/14aqcjz/consoles_playing_upscaled_older_console_games_on/","r/patientgamers","590609","Yablan","15.07123287671233","5654","6849","88","https://reddit.com/user/Yablan/"
"2023-04-28","21:48:06","Rage-filled Samuel Alito Baffled His Fairness is Being Questioned | You will respect my authority, Justice insists.","link","","5757","393","1","neutral","https://reddit.com/r/politics/comments/132atg0/ragefilled_samuel_alito_baffled_his_fairness_is/","r/politics","8340943","CapitalCourse","4.476712328767123","2664706","19791","48958","https://reddit.com/user/CapitalCourse/"
"2023-06-05","06:28:30","When you realize 17 minutes into the call that the ‚Äúproblem‚Äù the customer is raging about is user error","link","Meme","4386","58","0","neutral","https://reddit.com/r/Hololive/comments/1414ri0/when_you_realize_17_minutes_into_the_call_that/","r/Hololive","902754","OnyxSeed","8.104109589041096","29282","4628","1152","https://reddit.com/user/OnyxSeed/"
"2023-06-09","11:40:45","‚ÄòCracker Barrel has fallen‚Äô: Right-wingers rage over restaurant‚Äôs surprising Pride Month support and accidentally start a new meme","link","News","656","66","0","neutral","https://reddit.com/r/ainbow/comments/1452xcc/cracker_barrel_has_fallen_rightwingers_rage_over/","r/ainbow","173404","PinkNews","7.824657534246575","143508","1215","328","https://reddit.com/user/PinkNews/"
"2023-06-09","17:09:36","Driver shoots teacher's car in frightening Oakland road rage encounter","link","","182","117","0","neutral","https://reddit.com/r/oakland/comments/145aw3o/driver_shoots_teachers_car_in_frightening_oakland/","r/oakland","100897","no_notthistime","10.487671232876712","4111","18950","38","https://reddit.com/user/no_notthistime/"
"2023-06-06","02:59:08","This huge rage of two tampon brands at my local supermarket. Both overpriced, no cheap store bands in sight.","link","","363","110","0","neutral","https://reddit.com/r/mildlyinfuriating/comments/1421fjj/this_huge_rage_of_two_tampon_brands_at_my_local/","r/mildlyinfuriating","5837205","lettheflagshang","8.841095890410958","1317","3516","0","https://reddit.com/user/lettheflagshang/"
"2023-05-13","15:22:29","What boss made you rage the most? Here‚Äôs mine:","link","Discussion","876","349","0","neutral","https://reddit.com/r/HollowKnight/comments/13gkb9g/what_boss_made_you_rage_the_most_heres_mine/","r/HollowKnight","410640","SignalPlatypus4177","0.9780821917808219","2060","795","0","https://reddit.com/user/SignalPlatypus4177/"
"2023-06-15","22:58:17","It took several froggings and rage quits, but I have finally completed the most complicated pattern I've ever attempted.","link","look what I made","810","34","0","neutral","https://reddit.com/r/casualknitting/comments/14ag80a/it_took_several_froggings_and_rage_quits_but_i/","r/casualknitting","58619","oe_parker","0.6027397260273972","3518","1049","7","https://reddit.com/user/oe_parker/"
"2023-06-08","15:04:55","Road Rage","link","PSA","221","116","0","neutral","https://reddit.com/r/sanantonio/comments/144bpov/road_rage/","r/sanantonio","175838","termitron","9.216438356164383","112","1100","185","https://reddit.com/user/termitron/"
"2023-06-05","23:33:33","MCJ Mods RAGE Over Collapse Of Their Woke Agenda","link","","2096","46","0","neutral","https://reddit.com/r/moviescirclejerk/comments/141w463/mcj_mods_rage_over_collapse_of_their_woke_agenda/","r/moviescirclejerk","229341","MagmaHotDesigns","5.802739726027397","36429","36174","1531","https://reddit.com/user/MagmaHotDesigns/"
"2023-06-07","16:32:04","Just me or have a lot of Ottawa drivers having psychotic or anger raging episodes?","text","Rant","220","198","0","neutral","https://reddit.com/r/ottawa/comments/143hy34/just_me_or_have_a_lot_of_ottawa_drivers_having/","r/ottawa","274995","Ishmahail1992","1.6986301369863013","385","1846","174","https://reddit.com/user/Ishmahail1992/"
"2023-06-08","19:18:47","Sweeney murder was a drug deal gone bad, not road rage","text","","178","122","0","neutral","https://reddit.com/r/cincinnati/comments/144iaxr/sweeney_murder_was_a_drug_deal_gone_bad_not_road/","r/cincinnati","122965","cincigreg","4.810958904109589","719","8182","110","https://reddit.com/user/cincigreg/"
"2023-06-17","08:00:18","Weekend RAGE Thread - June 17, 2023","text","News & Discussion","20","189","0","neutral","https://reddit.com/r/Overwatch/comments/14bl1sm/weekend_rage_thread_june_17_2023/","r/Overwatch","4511480","AutoModerator","11.46027397260274","1000","1000","2431080","https://reddit.com/user/AutoModerator/"
"2023-06-08","13:03:52","I manifested my rage tryna beat the 16x run to draw this","link","Art","1397","47","0","neutral","https://reddit.com/r/HadesTheGame/comments/1448qq3/i_manifested_my_rage_tryna_beat_the_16x_run_to/","r/HadesTheGame","352686","stug_in_hell","0.35342465753424657","2054","218","0","https://reddit.com/user/stug_in_hell/"
"2023-05-16","02:18:55","This photo has a 99% chance to make you feel rage","link","Meme","1372","215","2","neutral","https://reddit.com/r/ModernWarfareII/comments/13is6pr/this_photo_has_a_99_chance_to_make_you_feel_rage/","r/ModernWarfareII","1867664","DanHarkinz","4.794520547945205","52783","71713","3010","https://reddit.com/user/DanHarkinz/"
"2023-05-14","15:55:40","Road rage in Denver Colorado that lead to shooting","video","Road Rage üöó","2037","200","0","neutral","https://reddit.com/r/ActualPublicFreakouts/comments/13hfs9w/road_rage_in_denver_colorado_that_lead_to_shooting/","r/ActualPublicFreakouts","721513","AristonD","4.589041095890411","10010511","57614","427741","https://reddit.com/user/AristonD/"
"2023-06-01","20:48:29","RAGE 2, an unsupported game but runs great and looks beautiful. Ive locked it to 30fps (im happy with that) you can adjust resolution and settings and use fsr for 60fps though. Highly recommend.","link","Picture","529","107","0","neutral","https://reddit.com/r/SteamDeck/comments/13xswah/rage_2_an_unsupported_game_but_runs_great_and/","r/SteamDeck","421842","Omie-Wan-Kenobi","0.2547945205479452","3569","771","55","https://reddit.com/user/Omie-Wan-Kenobi/"
"2023-03-24","18:03:07","Minimum Rage","link","üí∏ Raise Our Wages","34416","862","0","neutral","https://reddit.com/r/WorkReform/comments/120sio1/minimum_rage/","r/WorkReform","699634","WoozleWozzle","12.06027397260274","25905","4800","341","https://reddit.com/user/WoozleWozzle/"
"2023-06-13","17:54:00","Inequality fills my with burning rage. Aspie trait?","text","General Discussion/Question","308","58","0","neutral","https://reddit.com/r/AutismInWomen/comments/148lc4x/inequality_fills_my_with_burning_rage_aspie_trait/","r/AutismInWomen","85353","ZielinsQa","4.32054794520548","3567","1089","58","https://reddit.com/user/ZielinsQa/"
"2023-05-30","14:39:25","I heard diagonals are all the rage. Bet I can make it worse","link","","875","94","0","neutral","https://reddit.com/r/tacticalgear/comments/13vs3f8/i_heard_diagonals_are_all_the_rage_bet_i_can_make/","r/tacticalgear","231615","Beretta92A1","8.745205479452055","1616","5069","0","https://reddit.com/user/Beretta92A1/"
"2023-05-31","15:45:03","Teen arrested for road rage shooting 11 days after previous gun offense dismissed, records show","link","News","301","149","0","neutral","https://reddit.com/r/sanantonio/comments/13wprl2/teen_arrested_for_road_rage_shooting_11_days/","r/sanantonio","175838","Zestyclose_Shake5423","1.6958904109589041","14148","9514","116","https://reddit.com/user/Zestyclose_Shake5423/"
"2023-06-11","05:15:54","Got my first rage quit","video","Highlight","321","68","0","neutral","https://reddit.com/r/StreetFighter/comments/146l8g3/got_my_first_rage_quit/","r/StreetFighter","240178","BiGalvantula","0.049315068493150684","162","169","0","https://reddit.com/user/BiGalvantula/"
"2023-06-14","15:19:17","A powerful scene of humanity plays out when 200 + brave South African firefighters landed in Canada to assist with the fight against raging wildfires.","video","","351","80","0","neutral","https://reddit.com/r/capetown/comments/149akvd/a_powerful_scene_of_humanity_plays_out_when_200/","r/capetown","59476","My-dad-died","1.2657534246575342","42820","1555","363","https://reddit.com/user/My-dad-died/"
"2023-05-19","11:44:21","'It wasn't right what happened to him,' wife said of Akron man killed in road rage shooting","link","","476","266","0","neutral","https://reddit.com/r/Ohio/comments/13lt31l/it_wasnt_right_what_happened_to_him_wife_said_of/","r/Ohio","361103","Jay_Dubbbs","7.016438356164383","240093","176330","699","https://reddit.com/user/Jay_Dubbbs/"
"2023-06-11","18:37:53","Yvie Oddly Calls Our Unfair Labor Practices associated with Drag Rage Franchise","link","","378","61","0","neutral","https://reddit.com/r/dragrace/comments/1471jen/yvie_oddly_calls_our_unfair_labor_practices/","r/dragrace","71683","necromanscaper","1.6767123287671233","3795","33","33","https://reddit.com/user/necromanscaper/"
"2023-06-08","22:56:36","A Powerful Scene Of Humanity Plays Out As 200+ Brave South African firefighters landed in Edmonton, Canada to assist in the fight against the raging wildfire","link","Link in comments","1082","68","0","neutral","https://reddit.com/r/onguardforthee/comments/144nzol/a_powerful_scene_of_humanity_plays_out_as_200/","r/onguardforthee","270014","AnCanadianHistorian","1.7342465753424658","22613","2384","787","https://reddit.com/user/AnCanadianHistorian/"
"2023-06-18","08:00:19","Salty Sunday - Rage Rants and complaints","text","Complaint","36","108","0","neutral","https://reddit.com/r/pokemongo/comments/14cen88/salty_sunday_rage_rants_and_complaints/","r/pokemongo","4382932","AutoModerator","11.46027397260274","1000","1000","2431080","https://reddit.com/user/AutoModerator/"
"2023-06-08","19:03:11","Road rage on 71","text","","103","141","0","neutral","https://reddit.com/r/Louisville/comments/144hw7s/road_rage_on_71/","r/Louisville","84023","yesimextra","5.095890410958904","79","2384","0","https://reddit.com/user/yesimextra/"
"2023-05-20","17:23:37","My 1st ranked solo win Rage Against The Force","video","CLIP üé¨","945","181","1","neutral","https://reddit.com/r/FortNiteBR/comments/13n0rag/my_1st_ranked_solo_win_rage_against_the_force/","r/FortNiteBR","2506069","Goopstains6318","2.7726027397260276","882","5446","30","https://reddit.com/user/Goopstains6318/"
"2023-05-25","00:08:36","Just saw rage at a restaurant","link","Try Not to Laugh :yrgeMAGICLAUGH: ","1046","126","0","neutral","https://reddit.com/r/YourRAGE/comments/13r2e6l/just_saw_rage_at_a_restaurant/","r/YourRAGE","71493","Beginning-Bass3161","2.8958904109589043","806","185","0","https://reddit.com/user/Beginning-Bass3161/"
"2023-06-09","12:13:33","Was it ever explained why bottom has a raging boner looking at her","link","","834","75","0","neutral","https://reddit.com/r/OkBuddyFresca/comments/1453lc2/was_it_ever_explained_why_bottom_has_a_raging/","r/OkBuddyFresca","51270","Cup_Other","2.915068493150685","14145","26925","111","https://reddit.com/user/Cup_Other/"
"2023-05-15","19:28:58","Can you name a unique thing a character does that you like mine is kakashi raging porn addiction","link","Question","1760","285","0","neutral","https://reddit.com/r/Naruto/comments/13ihs6s/can_you_name_a_unique_thing_a_character_does_that/","r/Naruto","1259865","welden2023","1.6027397260273972","1442","14","0","https://reddit.com/user/welden2023/"
"2023-05-01","23:20:30","road rage ends with a golf club and a broken windshield","video","","3275","292","0","neutral","https://reddit.com/r/IdiotsInCars/comments/1354nkz/road_rage_ends_with_a_golf_club_and_a_broken/","r/IdiotsInCars","4132588","spicystrawberry77","2.1945205479452055","4427","205","15","https://reddit.com/user/spicystrawberry77/"
"2023-06-13","07:18:30","Speaks Like Zeus. Smells Like Poops. Rage All Over From His Head Down to His Shoes.","link","","949","32","0","neutral","https://reddit.com/r/IASIP/comments/14897p6/speaks_like_zeus_smells_like_poops_rage_all_over/","r/IASIP","908483","CmdrGrayson","0.8246575342465754","9085","2102","20","https://reddit.com/user/CmdrGrayson/"
"2023-06-10","19:43:20","Oh. My. God. I am sick of Raging Pendulum","text","Discussion ","146","164","0","neutral","https://reddit.com/r/DuelLinks/comments/14695rw/oh_my_god_i_am_sick_of_raging_pendulum/","r/DuelLinks","144442","Financial_Type_4630","2.3698630136986303","227","818","0","https://reddit.com/user/Financial_Type_4630/"
"2023-06-16","16:24:28","LUV is Rage 2 REPRESS","text","Discussion","99","69","0","neutral","https://reddit.com/r/liluzivert/comments/14b170o/luv_is_rage_2_repress/","r/liluzivert","189114","mikethesav27","5.013698630136986","44798","4305","1482","https://reddit.com/user/mikethesav27/"
"2023-06-10","12:07:36","Remember when BMX bikes were all the rage in the 80s? These were in the 1979 Sears catalog- I had the blue and gold one and loved that bike!","link","","332","62","0","neutral","https://reddit.com/r/80s/comments/145ym50/remember_when_bmx_bikes_were_all_the_rage_in_the/","r/80s","84684","Quick_Presentation11","0.0547945205479452","32719","173","84","https://reddit.com/user/Quick_Presentation11/"
"2023-04-13","05:45:34","Karen raging at Amazon for ""taking god's name in vain""","link","","9310","833","0","neutral","https://reddit.com/r/FuckYouKaren/comments/12kdpi8/karen_raging_at_amazon_for_taking_gods_name_in/","r/FuckYouKaren","1484994","theredhound19","4.342465753424658","372801","71137","8444","https://reddit.com/user/theredhound19/"
"2023-05-26","17:53:13","Walkable Cities Are New Theme of Conspiracy Theories, Local Rage","link","News (Global)","555","138","0","neutral","https://reddit.com/r/neoliberal/comments/13sjwo4/walkable_cities_are_new_theme_of_conspiracy/","r/neoliberal","148663","AMagicalKittyCat","2.9452054794520546","16822","79588","962","https://reddit.com/user/AMagicalKittyCat/"
"2023-06-07","13:06:51","Montreal while wildfires are raging in the north.","link","","1153","66","0","neutral","https://reddit.com/r/CityPorn/comments/143ctf6/montreal_while_wildfires_are_raging_in_the_north/","r/CityPorn","911921","Faitlemou","6.435616438356164","124361","51836","1565","https://reddit.com/user/Faitlemou/"
"2023-05-10","14:58:08","Trump rages on Truth Social after verdict: ‚ÄúI HAVE ABSOLUTELY NO IDEA WHO THIS WOMAN IS. THIS VERDICT IS A DISGRACE ‚Äì A CONTINUATION OF THE GREATEST WITCH HUNT OF ALL TIME!‚Äù","link","Flaired Users Only","1585","377","0","neutral","https://reddit.com/r/Conservative/comments/13dt5o1/trump_rages_on_truth_social_after_verdict_i_have/","r/Conservative","1042619","Vibranium2222","1.9643835616438357","266941","20223","6944","https://reddit.com/user/Vibranium2222/"
"2023-05-31","00:18:06","Retroarch Devs carefully crafting the most frustrating, rage inducing emulation tool and saying its for beginners","link","","247","144","0","neutral","https://reddit.com/r/RetroArch/comments/13w6tjy/retroarch_devs_carefully_crafting_the_most/","r/RetroArch","106676","EnbyKittCatt","0.2136986301369863","297","482","0","https://reddit.com/user/EnbyKittCatt/"
"2023-06-13","07:43:46","Road rage","video","","923","27","0","neutral","https://reddit.com/r/UnusualVideos/comments/1489lqp/road_rage/","r/UnusualVideos","822901","Aromatic-Isopod82","0.8301369863013699","1421","0","0","https://reddit.com/user/Aromatic-Isopod82/"
"2023-04-25","16:42:11","Road rage in UK","video","Road Rage","5276","291","0","neutral","https://reddit.com/r/fightporn/comments/12yoq4n/road_rage_in_uk/","r/fightporn","1849323","dobedey426","3.3945205479452056","3428","1942","71","https://reddit.com/user/dobedey426/"
"2023-05-30","20:07:29","Tara Reade, who falsely accused Joe Biden of sexual assault in 2020, then spoke at the pro-Russia, no-aid-to-Ukraine ""Rage Against the War Machine"" DC rally in Feb 2023, is announcing her defection to Russia on Russian state TV.","link","","950","73","0","neutral","https://reddit.com/r/The_Mueller/comments/13w0ma4/tara_reade_who_falsely_accused_joe_biden_of/","r/The_Mueller","145827","clib","10.835616438356164","621440","162481","1243","https://reddit.com/user/clib/"
"2023-04-26","14:41:57","Megyn Kelly in an absolute frothing rage that her kids were asked to lift a finger to protect other human beings.","link","","3938","331","0","neutral","https://reddit.com/r/WhitePeopleTwitter/comments/12zjm62/megyn_kelly_in_an_absolute_frothing_rage_that_her/","r/WhitePeopleTwitter","2960794","BitterFuture","5.342465753424658","463758","802848","11712","https://reddit.com/user/BitterFuture/"
"2023-05-24","13:29:39","Yikes. HBO Max is getting rid of the 'director' credit and replacing it with Creators [Pic example is Raging Bull]","link","News","1069","173","0","neutral","https://reddit.com/r/Filmmakers/comments/13qlrg3/yikes_hbo_max_is_getting_rid_of_the_director/","r/Filmmakers","2773507","AR_Ugas","4.96986301369863","28531","1703","904","https://reddit.com/user/AR_Ugas/"
"2023-05-30","16:12:22","Apparently if you enjoy accuracy of your favorite IPs, you‚Äôre a raging racist","link","DRAMA","250","234","0","neutral","https://reddit.com/r/freemagic/comments/13vuhde/apparently_if_you_enjoy_accuracy_of_your_favorite/","r/freemagic","26011","ForgerCombs01","3.745205479452055","783","348","55","https://reddit.com/user/ForgerCombs01/"
"2023-06-12","03:02:32","Rage quitting this matchup? Priceless","link","Highlights","253","58","0","neutral","https://reddit.com/r/Fighters/comments/147d9gz/rage_quitting_this_matchup_priceless/","r/Fighters","114901","ultimateman55","4.380821917808219","63128","32648","2341","https://reddit.com/user/ultimateman55/"
"2023-05-31","03:33:38","Feminists are celebrating women‚Äôs rage, screaming #menaretrash or #killallmen. This sub is fighting for equality for men in the courts, better health care for men, and positive representation in media. But we are a hate sub.","text","General","524","95","0","neutral","https://reddit.com/r/MensRights/comments/13wb429/feminists_are_celebrating_womens_rage_screaming/","r/MensRights","350270","NeoNotNeo","1.8602739726027397","42685","9735","841","https://reddit.com/user/NeoNotNeo/"
"2023-06-06","19:53:30","Deadly shooting on Havana Street Monday was road rage, police say","link","","136","106","0","neutral","https://reddit.com/r/Denver/comments/142rdcr/deadly_shooting_on_havana_street_monday_was_road/","r/Denver","330302","DoctFaustus","9.682191780821919","41550","179785","1025","https://reddit.com/user/DoctFaustus/"
"2023-05-04","05:28:08","Broken TV prank sends dad into a rage","video","","1363","340","0","neutral","https://reddit.com/r/ThatsInsane/comments/137b29j/broken_tv_prank_sends_dad_into_a_rage/","r/ThatsInsane","1811464","Due_Cardiologist406","0.2821917808219178","31997","1049","15","https://reddit.com/user/Due_Cardiologist406/"
"2023-06-08","02:27:21","Kai and Rage at the game someone‚Äôs missingüò¢","link","Pictureüì∏","316","62","0","neutral","https://reddit.com/r/TheKM/comments/143woxu/kai_and_rage_at_the_game_someones_missing/","r/TheKM","57295","HeemYT","0.8712328767123287","3461","675","20","https://reddit.com/user/HeemYT/"
"2023-05-20","12:20:46","rage over thank you for listening","link","Suspiciously specific","1468","108","0","neutral","https://reddit.com/r/aspiememes/comments/13mqhgb/rage_over_thank_you_for_listening/","r/aspiememes","201421","killersilhouetto","0.16712328767123288","2052","950","0","https://reddit.com/user/killersilhouetto/"
"2023-05-28","17:09:27","Slow Day? Get Your Rage On with the MAGA Wheel of Outrage!","link","","1633","59","2","neutral","https://reddit.com/r/PoliticalHumor/comments/13u5lgu/slow_day_get_your_rage_on_with_the_maga_wheel_of/","r/PoliticalHumor","1584107","phydeauxbreath","2.863013698630137","56507","63405","2606","https://reddit.com/user/phydeauxbreath/"
"2023-05-22","20:30:43","What's up with SgtMaj Bull? Roid rage? Psychosis? Just retarded?","link","Discussion","467","159","0","neutral","https://reddit.com/r/USMC/comments/13p2azr/whats_up_with_sgtmaj_bull_roid_rage_psychosis/","r/USMC","116686","Navyurf","7.8191780821917805","8916","9673","357","https://reddit.com/user/Navyurf/"
"2023-05-19","00:11:46","Indiana Army veteran convicted in road rage killing of Muslim man","link","","1463","121","0","neutral","https://reddit.com/r/news/comments/13lfel4/indiana_army_veteran_convicted_in_road_rage/","r/news","26268271","lurker627","10.084931506849315","16880","96642","1101","https://reddit.com/user/lurker627/"
"2023-04-17","04:06:02","Road Rage Caught on Tape As Dumb White Van Runs Black Car Into the Grass, Cops Were There Thank Goodness!","video","","10087","313","0","neutral","https://reddit.com/r/IdiotsInCars/comments/12p1czn/road_rage_caught_on_tape_as_dumb_white_van_runs/","r/IdiotsInCars","4132588","JPPT1974","6.095890410958904","721074","2427","28648","https://reddit.com/user/JPPT1974/"
"2023-05-25","13:17:06","Did this stupid edit a few days ago while in a fit of rage after finishing the absolutely worthless piece of shit that was Batman: Fortress","link","Batman's a Fascist","660","107","0","neutral","https://reddit.com/r/dccomicscirclejerk/comments/13rhkf1/did_this_stupid_edit_a_few_days_ago_while_in_a/","r/dccomicscirclejerk","23369","Grow_up2B_a_Debaser","0.26575342465753427","30790","67504","160","https://reddit.com/user/Grow_up2B_a_Debaser/"
"2023-06-18","21:37:50","WEEKLY RAGE THREAD, PRIMAL DIALGA MESSED WITH THE TIME I PROMISE I‚ÄôM NOT LATE","text","Humor","42","70","0","neutral","https://reddit.com/r/PokemonUnite/comments/14cvy2x/weekly_rage_thread_primal_dialga_messed_with_the/","r/PokemonUnite","174691","Kyle_fraser13","6.3780821917808215","1706","17004","430","https://reddit.com/user/Kyle_fraser13/"
"2023-05-28","17:09:27","Slow Day? Get Your Rage On with the MAGA Wheel of Outrage!","link","","1628","59","2","neutral","https://reddit.com/r/PoliticalHumor/comments/13u5lgu/slow_day_get_your_rage_on_with_the_maga_wheel_of/","r/PoliticalHumor","1584106","phydeauxbreath","2.863013698630137","56507","63406","2606","https://reddit.com/user/phydeauxbreath/"
"2023-06-11","17:27:12","Keep an eye out for this little man with Road Rage issues - he likes to tailgate and when you give him space he does this","link","Video","143","68","0","neutral","https://reddit.com/r/longbeach/comments/146zqb2/keep_an_eye_out_for_this_little_man_with_road/","r/longbeach","142168","NOTanAgent","12.704109589041096","686","599","133","https://reddit.com/user/NOTanAgent/"
"2023-05-22","14:11:07","Road Rage Shooting Shutters I-95 on Sunday Night","link","Crime Post","385","172","0","neutral","https://reddit.com/r/philadelphia/comments/13os1a7/road_rage_shooting_shutters_i95_on_sunday_night/","r/philadelphia","449600","NonIdentifiableUser","10.98904109589041","5799","73921","490","https://reddit.com/user/NonIdentifiableUser/"
"2023-06-03","21:40:02","MONTHLY RAGE THREAD","text","CASUAL","57","193","0","neutral","https://reddit.com/r/fireemblem/comments/13zqkjj/monthly_rage_thread/","r/fireemblem","324835","LaqOfInterest","11.394520547945206","51675","124940","592","https://reddit.com/user/LaqOfInterest/"
"2023-06-16","19:47:33","Page Six exclusive- were Tom & Raquel hooking up since 2019? The same night they were out together Raquel mentioned she happened to leave her phone at home & received rage texts from James","link","","75","61","0","neutral","https://reddit.com/r/Vanderpumpaholics/comments/14b65nz/page_six_exclusive_were_tom_raquel_hooking_up/","r/Vanderpumpaholics","25571","JaDaDaSilva","3.2739726027397262","557","3625","10","https://reddit.com/user/JaDaDaSilva/"
"2023-06-18","18:34:26","My rage is affecting everyone","text","Moods","81","52","0","neutral","https://reddit.com/r/Menopause/comments/14crjdn/my_rage_is_affecting_everyone/","r/Menopause","45207","purpleclaire788","3.0054794520547947","93","1046","0","https://reddit.com/user/purpleclaire788/"
"2023-06-12","00:30:14","Picked up a Cobra Rage yesterday!","link","","425","39","0","neutral","https://reddit.com/r/gijoe/comments/147a6fq/picked_up_a_cobra_rage_yesterday/","r/gijoe","16472","TheRealTurdFergusonn","8.786301369863013","9915","37299","462","https://reddit.com/user/TheRealTurdFergusonn/"
"2023-06-11","19:18:14","‚ÄòIt‚Äôs Sunday night and I have work Monday morning‚Äô rage face","link","","1488","20","0","neutral","https://reddit.com/r/Rabbits/comments/1472ldd/its_sunday_night_and_i_have_work_monday_morning/","r/Rabbits","321876","Binkybunno101","0.1917808219178082","16265","2603","10","https://reddit.com/user/Binkybunno101/"
"2023-06-05","00:17:27","(Sneakyverse) The Drums of War Chapter 8: We Rage","text","OC","389","64","0","neutral","https://reddit.com/r/HFY/comments/140vtls/sneakyverse_the_drums_of_war_chapter_8_we_rage/","r/HFY","276057","TheCurserHasntMoved","0.42191780821917807","18049","26091","3524","https://reddit.com/user/TheCurserHasntMoved/"
"2023-06-08","19:20:30","GOP Congressman Says It‚Äôs Too Soon to Talk About Climate Change, Amid Raging Wildfires: Stop politicizing the weather, says man whose state is living under an air quality warning.","link","","716","61","0","neutral","https://reddit.com/r/politics/comments/144icie/gop_congressman_says_its_too_soon_to_talk_about/","r/politics","8340946","thenewrepublic","2.2164383561643834","548089","83272","8825","https://reddit.com/user/thenewrepublic/"
"2023-05-14","06:43:52","Road rage, laughing gas, and a Nissan Altima","video","","2161","126","0","neutral","https://reddit.com/r/IdiotsInCars/comments/13h4vbr/road_rage_laughing_gas_and_a_nissan_altima/","r/IdiotsInCars","4132590","BacardiT","5.243835616438356","3248","2636","129","https://reddit.com/user/BacardiT/"
"2023-06-05","19:12:42","Road rage crash kills 2 from Salt Lake County in Eagle Mountain","link","Local News","303","69","0","neutral","https://reddit.com/r/SaltLakeCity/comments/141omyn/road_rage_crash_kills_2_from_salt_lake_county_in/","r/SaltLakeCity","163322","HomelessRodeo","7.6438356164383565","86950","50511","2124","https://reddit.com/user/HomelessRodeo/"
"2023-05-29","20:32:57","Learn from me: do not engage with road rage","text","","541","82","1","neutral","https://reddit.com/r/sandiego/comments/13v5pm2/learn_from_me_do_not_engage_with_road_rage/","r/sandiego","322444","Annual-Ad-6215","1.8712328767123287","245","110","55","https://reddit.com/user/Annual-Ad-6215/"
"2023-06-07","23:14:58","Episode Discussion: S402 - The Maiden's Rage","text","Spoilers","26","184","0","neutral","https://reddit.com/r/NancyDrewCW/comments/143sahs/episode_discussion_s402_the_maidens_rage/","r/NancyDrewCW","5645","ScarlingDarkspyre","8.58904109589041","565","2285","93","https://reddit.com/user/ScarlingDarkspyre/"
"2023-06-11","12:11:56","Rage","video","","572","33","0","neutral","https://reddit.com/r/ClashRoyale/comments/146se43/rage/","r/ClashRoyale","722821","EzraPlayz078","2.9068493150684933","1933","269","50","https://reddit.com/user/EzraPlayz078/"
"2023-04-30","01:13:45","Pitbull fight. Location: FORT GREENE PARK, NEW YORK, Date: Unknown: Good dog owners and their good peaceful dogs uncharacteristically go into a fit of rage and fight. Something unusual must have spooked them, like the wind, someone breathing, or maybe the clouds.","video","HELP! Why is my fighting dog fighting dogs?","1256","367","0","neutral","https://reddit.com/r/BanPitBulls/comments/133c4jp/pitbull_fight_location_fort_greene_park_new_york/","r/BanPitBulls","89980","ScreamingMonky","0.6438356164383562","5651","23376","141","https://reddit.com/user/ScreamingMonky/"
"2023-06-15","07:09:20","After a day of getting pushed off track, divebombed from last century, and getting rage crashed into‚Ä¶ it was nice to have this clean and respectful battle, even if I didn‚Äôt come out on top at the end.","video","GT7","303","32","1","neutral","https://reddit.com/r/granturismo/comments/149vjrz/after_a_day_of_getting_pushed_off_track/","r/granturismo","165778","jus25","4.372602739726028","211","2","55","https://reddit.com/user/jus25/"
"2023-05-31","17:05:45","James and Lily are powerful enough to fight Voldemort and survive, until he slips past them and attempts to kill Harry. In a fit of rage after his failure, he kills Vernon and Petunia. Dudley is sent to live with the Potters.","text","Prompt","205","115","0","neutral","https://reddit.com/r/HPfanfiction/comments/13wrxlx/james_and_lily_are_powerful_enough_to_fight/","r/HPfanfiction","98264","copenhagen_bram","5.008219178082192","84050","33054","2998","https://reddit.com/user/copenhagen_bram/"
"2023-06-16","14:53:15","The One (2001): We hear multiverse movies are all the rage these days.","link","","72","57","0","neutral","https://reddit.com/r/badMovies/comments/14ayxdk/the_one_2001_we_hear_multiverse_movies_are_all/","r/badMovies","118719","YourStupidMinds","10.016438356164384","4388","363","0","https://reddit.com/user/YourStupidMinds/"
"2023-05-14","06:47:01","Woman inhales laughing gas while raging in LA traffic","video","","2246","188","0","neutral","https://reddit.com/r/PublicFreakout/comments/13h4x6t/woman_inhales_laughing_gas_while_raging_in_la/","r/PublicFreakout","4544621","BacardiT","5.243835616438356","3248","2637","129","https://reddit.com/user/BacardiT/"
"2023-04-26","01:04:20","The wittiest road-rage ever.","video","üöóRoad Rage","6986","202","0","neutral","https://reddit.com/r/PublicFreakout/comments/12z1who/the_wittiest_roadrage_ever/","r/PublicFreakout","4544620","Bihema","8.46027397260274","193667","9373","6469","https://reddit.com/user/Bihema/"
"2023-04-13","22:07:06","Katie‚Äôs rage text to Tom ü§¨","link","Discussion","1164","998","0","neutral","https://reddit.com/r/vanderpumprules/comments/12l7vc1/katies_rage_text_to_tom/","r/vanderpumprules","172927","LeeLi001","0.5780821917808219","431","117","0","https://reddit.com/user/LeeLi001/"
"2023-06-14","14:14:17","Primal Rage ‚ÄúSaurus‚Äù","video","","367","30","0","neutral","https://reddit.com/r/seraphon/comments/1498zl4/primal_rage_saurus/","r/seraphon","9817","robolizard222","9.2","8065","1335","753","https://reddit.com/user/robolizard222/"
"2023-06-09","03:19:14","A Powerful Scene Of Humanity Plays Out As 200+ Brave South African firefighters landed in Edmonton, Canada to assist in the fight against the raging wildfire","video","Video","620","58","0","neutral","https://reddit.com/r/Damnthatsinteresting/comments/144tshu/a_powerful_scene_of_humanity_plays_out_as_200/","r/Damnthatsinteresting","10302724","TheMrMorbid","0.2958904109589041","44889","1256","22","https://reddit.com/user/TheMrMorbid/"
"2023-05-10","02:57:22","Rage irl buyback by ceb","link","Fluff | Esports","2275","146","0","neutral","https://reddit.com/r/DotA2/comments/13dee3n/rage_irl_buyback_by_ceb/","r/DotA2","1197909","SypeArtz","2.7643835616438355","70372","15344","7308","https://reddit.com/user/SypeArtz/"
"2023-03-25","20:35:01","Former NFL lineman Derek Wolfe says he would combine Adderall and mushrooms before games, go into 'rage mode'","link","","9672","910","0","neutral","https://reddit.com/r/nfl/comments/121ya4f/former_nfl_lineman_derek_wolfe_says_he_would/","r/nfl","4198056","teamhenny","2.210958904109589","27767","7862","342","https://reddit.com/user/teamhenny/"
"2023-05-23","02:21:01","As of August 1st, cyclists can roll through stops signs. So check your rage when you see it happening.","link","","356","157","0","neutral","https://reddit.com/r/Minneapolis/comments/13pb5cb/as_of_august_1st_cyclists_can_roll_through_stops/","r/Minneapolis","179337","daggothedog","4.328767123287672","4820","1643","121","https://reddit.com/user/daggothedog/"
"2023-03-23","17:31:51","Florida Principal Ousted After Parents Rage Over Michelangelo‚Äôs ‚ÄòPornographic‚Äô Statue","link","","5813","1307","0","neutral","https://reddit.com/r/politics/comments/11zrc6b/florida_principal_ousted_after_parents_rage_over/","r/politics","8340947","PopularWeb6231","1.1397260273972603","37083","22560","432","https://reddit.com/user/PopularWeb6231/"
"2023-05-28","16:22:17","Road rage in Shanghai, May 24th, 2023","video","‰∏≠ÂõΩÁîüÊ¥ª | Life in China","260","115","0","neutral","https://reddit.com/r/China/comments/13u4foi/road_rage_in_shanghai_may_24th_2023/","r/China","440053","xinjiangnumberone","1.4301369863013698","24947","7123","602","https://reddit.com/user/xinjiangnumberone/"
"2023-05-31","16:59:04","Rokkets going first VS Raging Pendulum in a nutshell","link","Fluff","803","90","0","neutral","https://reddit.com/r/DuelLinks/comments/13wrqpa/rokkets_going_first_vs_raging_pendulum_in_a/","r/DuelLinks","144442","Bocodamondo","4.8931506849315065","99793","26668","10448","https://reddit.com/user/Bocodamondo/"
"2023-06-15","05:24:24","Freljord deserves an unstoppable 10 drop. My take on: Volibear, the Storm's Rage.","link","Card Set","153","41","0","neutral","https://reddit.com/r/CustomLoR/comments/149toyb/freljord_deserves_an_unstoppable_10_drop_my_take/","r/CustomLoR","13372","C3LM3R","13.224657534246575","23174","19203","2192","https://reddit.com/user/C3LM3R/"
"2023-06-12","19:32:38","Pretty much confirms its Rage (Aye)","link","Image üì∏","223","41","0","neutral","https://reddit.com/r/liluzivert/comments/147vgp9/pretty_much_confirms_its_rage_aye/","r/liluzivert","189118","127866","5.219178082191781","13144","20916","508","https://reddit.com/user/127866/"
"2023-05-13","01:23:13","Streamer Ac7ionman RoadRage Meltdown","video","Possibly Fake","760","201","0","neutral","https://reddit.com/r/PublicFreakout/comments/13g39f3/streamer_ac7ionman_roadrage_meltdown/","r/PublicFreakout","4544620","Lil-xMac","3.6356164383561644","643","1380","85","https://reddit.com/user/Lil-xMac/"
